id,name,model_id:id,group_id:id,perm_read,perm_write,perm_create,perm_unlink
access_aicia_account_pgc_recode_rule_readonly,aicia_account_pgc_recode_rule.readonly,model_aicia_account_pgc_recode_rule,account.group_account_readonly,1,0,0,0
access_aicia_account_pgc_recode_rule_manager,aicia_account_pgc_recode_rule.manager,model_aicia_account_pgc_recode_rule,account.group_account_manager,1,1,1,1
access_aicia_account_pgc_recode_batch_readonly,aicia_account_pgc_recode_batch.readonly,model_aicia_account_pgc_recode_batch,account.group_account_readonly,1,0,0,0
access_aicia_account_pgc_recode_batch_manager,aicia_account_pgc_recode_batch.manager,model_aicia_account_pgc_recode_batch,account.group_account_manager,1,1,1,1
access_aicia_account_pgc_recode_line_readonly,aicia_account_pgc_recode_line.readonly,model_aicia_account_pgc_recode_line,account.group_account_readonly,1,0,0,0
access_aicia_account_pgc_recode_line_manager,aicia_account_pgc_recode_line.manager,model_aicia_account_pgc_recode_line,account.group_account_manager,1,1,1,1
access_aicia_pgc_recode_import_wizard,aicia_pgc_recode_import_wizard.manager,model_aicia_account_pgc_recode_import_wizard,account.group_account_manager,1,1,1,1
access_aicia_pgc_recode_simulation_wizard,aicia_pgc_recode_simulation_wizard.manager,model_aicia_account_pgc_recode_simulation_wizard,account.group_account_manager,1,1,1,1
access_aicia_pgc_recode_apply_wizard,aicia_pgc_recode_apply_wizard.manager,model_aicia_account_pgc_recode_apply_wizard,account.group_account_manager,1,1,1,1
